order_date,Max Temp (°C),Min Temp (°C),Mean Temp (°C),Heat Deg Days (°C),Cool Deg Days (°C),Total Rain (mm),Total Snow (cm),Total Precip (mm),Snow on Grnd (cm),Dir of Max Gust (10s deg),Spd of Max Gust (km/h)
2023-01-01,0.0,-8.5,-4.3,22.3,0.0,0.0,0.0,0.0,0.0,,
2023-01-02,3.0,-3.0,0.0,18.0,0.0,0.0,0.0,0.0,0.0,,
2023-01-03,2.5,-4.0,-0.8,18.8,0.0,24.0,0.0,24.0,0.0,,
2023-01-04,2.5,0.0,1.3,16.7,0.0,0.0,1.0,1.0,0.0,,
2023-01-05,-10.0,-13.5,-11.8,29.8,0.0,0.0,3.0,3.0,1.0,,
2023-01-06,,,,,,,,,,,
2023-01-07,,,,,,,,,,,
2023-01-08,,,,,,,,,,,
2023-01-09,-7.0,-14.0,-10.5,28.5,0.0,0.0,0.0,0.0,4.0,,
2023-01-10,-2.5,,,,,0.0,0.0,0.0,0.0,,
2023-01-11,,,,,,,,,,,
2023-01-12,,,,,,,,,,,
2023-01-13,-12.0,-17.0,-14.5,32.5,0.0,0.0,0.0,0.0,8.0,,
2023-01-14,,,,,,,,,,,
2023-01-15,,,,,,0.0,0.0,0.0,0.0,,
2023-01-16,,,,,,,,,,,
2023-01-17,,,,,,,,,,,
2023-01-18,5.0,-4.0,0.5,17.5,0.0,1.2,0.0,1.2,2.0,,
2023-01-19,3.0,,,,,0.0,0.0,0.0,0.0,,
2023-01-20,,,,,,,,,,,
2023-01-21,-4.0,-6.0,-5.0,23.0,0.0,0.0,0.0,0.0,4.0,,
2023-01-22,,,,,,,,,,,
2023-01-23,,,,,,,,,,,
2023-01-24,,,,,,,,,,,
2023-01-25,,,,,,0.0,0.0,0.0,0.0,,
2023-01-26,-5.0,,,,,0.0,0.0,0.0,0.0,,
2023-01-27,,,,,,,,,,,
2023-01-28,2.0,-14.0,-6.0,24.0,0.0,0.0,0.0,0.0,3.0,,
2023-01-29,,,,,,,,,,,
2023-01-30,,,,,,,,,,,
2023-01-31,1.0,-13.5,-6.3,24.3,0.0,0.0,5.0,5.0,0.0,,
2023-02-01,-4.0,-6.0,-5.0,23.0,0.0,0.0,15.0,15.0,8.0,,
2023-02-02,-7.0,-10.5,-8.8,26.8,0.0,0.0,0.0,0.0,30.0,,
2023-02-03,,,,,,,,,,,
2023-02-04,1.0,-6.0,-2.5,20.5,0.0,0.0,2.0,2.0,30.0,,
2023-02-05,,,,,,,,,,,
2023-02-06,,,,,,,,,,,
2023-02-07,,,,,,,,,,,
2023-02-08,2.5,-0.5,1.0,17.0,0.0,2.8,0.0,2.8,24.0,,
2023-02-09,,,,,,,,,,,
2023-02-10,-1.5,,,,,0.0,0.0,0.0,0.0,,
2023-02-11,0.5,-10.0,-4.8,22.8,0.0,0.0,2.0,2.0,20.0,,
2023-02-12,,,,,,,,,,,
2023-02-13,-4.0,-19.0,-11.5,29.5,0.0,0.0,5.0,5.0,20.0,,
2023-02-14,-7.0,-14.5,-10.8,28.8,0.0,0.0,0.0,0.0,23.0,,
2023-02-15,,,,,,,,,,,
2023-02-16,-12.0,-24.0,-18.0,36.0,0.0,0.0,0.0,0.0,22.0,,
2023-02-17,,,,,,,,,,,
2023-02-18,-5.5,-15.5,-10.5,28.5,0.0,0.0,0.0,0.0,22.0,,
2023-02-19,,,,,,,,,,,
2023-02-20,,,,,,,,,,,
2023-02-21,-3.0,-20.0,-11.5,29.5,0.0,0.0,3.0,3.0,0.0,,
2023-02-22,1.0,,,,,0.0,0.0,0.0,0.0,,
2023-02-23,,,,,,,,,,,
2023-02-24,-6.5,-18.5,-12.5,30.5,0.0,0.0,0.0,0.0,24.0,,
2023-02-25,,,,,,,,,,,
2023-02-26,-8.5,-14.5,-11.5,29.5,0.0,0.0,3.0,3.0,23.0,,
2023-02-27,,,,,,,,,,,
2023-02-28,,,,,,,,,,,
2023-03-01,-2.5,-12.5,-7.5,25.5,0.0,0.0,1.0,1.0,27.0,,
2023-03-02,,,,,,,,,,,
2023-03-03,2.0,-10.0,-4.0,22.0,0.0,3.0,0.0,3.0,27.0,,
2023-03-04,3.5,-5.5,-1.0,19.0,0.0,0.0,0.0,0.0,24.0,,
2023-03-05,,,,,,0.0,0.0,0.0,0.0,,
2023-03-06,,,,,,0.0,0.0,0.0,0.0,,
2023-03-07,6.0,,,,,0.0,0.0,0.0,0.0,,
2023-03-08,7.0,2.0,4.5,13.5,0.0,0.0,0.0,0.0,20.0,,
2023-03-09,,,,,,,,,,,
2023-03-10,,,,,,,,,,,
2023-03-11,11.0,-4.0,3.5,14.5,0.0,0.0,0.0,0.0,0.0,,
2023-03-12,7.0,,,,,0.0,0.0,0.0,0.0,,
2023-03-13,,,,,,,,,,,
2023-03-14,11.0,3.0,7.0,11.0,0.0,0.0,0.0,0.0,0.0,,
2023-03-15,,,,,,,,,,,
2023-03-16,13.0,,,,,0.0,0.0,0.0,0.0,,
2023-03-17,,,,,,,,,,,
2023-03-18,,,,,,,,,,,
2023-03-19,9.0,,,,,0.0,0.0,0.0,0.0,,
2023-03-20,,,,,,,,,,,
2023-03-21,,,,,,,,,,,
2023-03-22,,,,,,0.0,0.0,0.0,0.0,,
2023-03-23,,,,,,,,,,,
2023-03-24,,,,,,,,,,,
2023-03-25,,,,,,,,,,,
2023-03-26,7.0,0.0,3.5,14.5,0.0,0.0,0.0,0.0,0.0,,
2023-03-27,,,,,,,,,,,
2023-03-28,2.5,,,,,0.0,0.0,0.0,0.0,,
2023-03-29,6.0,-9.0,-1.5,19.5,0.0,0.0,0.0,0.0,0.0,,
2023-03-30,,,,,,0.0,0.0,0.0,0.0,,
2023-03-31,15.0,,,,,0.0,0.0,0.0,0.0,,
2023-04-01,15.0,0.0,7.5,10.5,0.0,0.0,0.0,0.0,0.0,,
2023-04-02,14.5,3.5,9.0,9.0,0.0,6.0,0.0,6.0,0.0,,
2023-04-03,15.0,4.0,9.5,8.5,0.0,1.0,0.0,1.0,0.0,,
2023-04-04,,,,,,0.0,0.0,0.0,0.0,,
2023-04-05,,,,,,,,,,,
2023-04-06,13.5,,,,,1.4,0.0,1.4,0.0,,
2023-04-07,8.0,4.0,6.0,12.0,0.0,0.4,0.0,0.4,0.0,,
2023-04-08,,,,,,,,,,,
2023-04-09,18.0,2.5,10.3,7.7,0.0,8.0,0.0,8.0,0.0,,
2023-04-10,15.0,8.5,11.8,6.2,0.0,0.0,0.0,0.0,0.0,,
2023-04-11,18.5,1.5,10.0,8.0,0.0,0.0,0.0,0.0,0.0,,
2023-04-12,15.5,1.0,8.3,9.7,0.0,0.0,0.0,0.0,0.0,,
2023-04-13,21.5,,,,,7.4,0.0,7.4,0.0,,
2023-04-14,17.5,3.5,10.5,7.5,0.0,0.0,0.0,0.0,0.0,,
2023-04-15,,,,,,,,,,,
2023-04-16,,,,,,,,,,,
2023-04-17,,,,,,,,,,,
2023-04-18,23.0,,,,,0.0,0.0,0.0,0.0,,
2023-04-19,15.0,5.0,10.0,8.0,0.0,11.2,0.0,11.2,0.0,,
2023-04-20,18.0,10.0,14.0,4.0,0.0,1.4,0.0,1.4,0.0,,
2023-04-21,12.5,5.0,8.8,9.2,0.0,0.0,0.0,0.0,0.0,,
2023-04-22,7.0,2.5,4.8,13.2,0.0,0.0,0.0,0.0,0.0,,
2023-04-23,5.0,,,,,0.0,0.0,0.0,0.0,,
2023-04-24,,,,,,,,,,,
2023-04-25,,,,,,,,,,,
2023-04-26,14.0,2.0,8.0,10.0,0.0,0.0,0.0,0.0,0.0,,
2023-04-27,,,,,,,,,,,
2023-04-28,20.0,0.0,10.0,8.0,0.0,0.0,0.0,0.0,0.0,,
2023-04-29,,,,,,,,,,,
2023-04-30,,,,,,,,,,,
2023-05-01,22.0,6.0,14.0,4.0,0.0,0.0,0.0,0.0,0.0,,
2023-05-02,24.0,7.0,15.5,2.5,0.0,0.0,0.0,0.0,0.0,,
2023-05-03,26.0,8.0,17.0,1.0,0.0,0.0,0.0,0.0,0.0,,
2023-05-04,22.5,15.5,19.0,0.0,1.0,3.0,0.0,3.0,0.0,,
2023-05-05,,,,,,,,,,,
2023-05-06,,,,,,,,,,,
2023-05-07,28.0,9.0,18.5,0.0,0.5,0.0,0.0,0.0,0.0,,
2023-05-08,30.5,13.0,21.8,0.0,3.8,0.0,0.0,0.0,0.0,,
2023-05-09,29.0,14.0,21.5,0.0,3.5,4.2,0.0,4.2,0.0,,
2023-05-10,28.0,13.0,20.5,0.0,2.5,1.0,0.0,1.0,0.0,,
2023-05-11,29.5,15.0,22.3,0.0,4.3,9.4,0.0,9.4,0.0,,
2023-05-12,,,,,,,,,,,
2023-05-13,13.0,7.0,10.0,8.0,0.0,0.0,0.0,0.0,0.0,,
2023-05-14,19.0,1.0,10.0,8.0,0.0,5.0,0.0,5.0,0.0,,
2023-05-15,,,,,,,,,,,
2023-05-16,25.5,16.0,20.8,0.0,2.8,4.8,0.0,4.8,0.0,,
2023-05-17,28.0,17.0,22.5,0.0,4.5,0.0,0.0,0.0,0.0,,
2023-05-18,,,,,,,,,,,
2023-05-19,13.5,11.0,12.3,5.7,0.0,0.0,0.0,0.0,0.0,,
2023-05-20,,,,,,,,,,,
2023-05-21,,,,,,,,,,,
2023-05-22,20.0,10.5,15.3,2.7,0.0,0.0,0.0,0.0,0.0,,
2023-05-23,,,,,,,,,,,
2023-05-24,27.0,10.0,18.5,0.0,0.5,0.0,0.0,0.0,0.0,,
2023-05-25,27.0,17.0,22.0,0.0,4.0,0.0,0.0,0.0,0.0,,
2023-05-26,29.5,17.5,23.5,0.0,5.5,3.8,0.0,3.8,0.0,,
2023-05-27,27.0,18.0,22.5,0.0,4.5,11.2,0.0,11.2,0.0,,
2023-05-28,,,,,,,,,,,
2023-05-29,,,,,,,,,,,
2023-05-30,29.5,19.5,24.5,0.0,6.5,68.0,0.0,68.0,0.0,,
2023-05-31,12.0,9.5,10.8,7.2,0.0,26.8,0.0,26.8,0.0,,
2023-06-01,16.5,7.0,11.8,6.2,0.0,0.0,0.0,0.0,0.0,,
2023-06-02,,,,,,,,,,,
2023-06-03,23.5,7.5,15.5,2.5,0.0,0.0,0.0,0.0,0.0,,
2023-06-04,27.0,13.5,20.3,0.0,2.3,0.0,0.0,0.0,0.0,,
2023-06-05,27.5,14.0,20.8,0.0,2.8,1.0,0.0,1.0,0.0,,
2023-06-06,22.0,13.0,17.5,0.5,0.0,0.0,0.0,0.0,0.0,,
2023-06-07,27.0,8.0,17.5,0.5,0.0,6.6,0.0,6.6,0.0,,
2023-06-08,26.0,19.0,22.5,0.0,4.5,3.4,0.0,3.4,0.0,,
2023-06-09,,,,,,,,,,,
2023-06-10,32.5,17.5,25.0,0.0,7.0,1.2,0.0,1.2,0.0,,
2023-06-11,23.0,16.0,19.5,0.0,1.5,1.2,0.0,1.2,0.0,,
2023-06-12,28.0,16.0,22.0,0.0,4.0,33.8,0.0,33.8,0.0,,
2023-06-13,22.5,14.0,18.3,0.0,0.3,0.0,0.0,0.0,0.0,,
2023-06-14,,,,,,,,,,,
2023-06-15,29.0,21.0,25.0,0.0,7.0,15.4,0.0,15.4,0.0,,
2023-06-16,29.5,20.0,24.8,0.0,6.8,0.0,0.0,0.0,0.0,,
2023-06-17,25.0,15.5,20.3,0.0,2.3,2.0,0.0,2.0,0.0,,
2023-06-18,28.5,18.0,23.3,0.0,5.3,0.6,0.0,0.6,0.0,,
2023-06-19,,,,,,,,,,,
2023-06-20,26.0,13.0,19.5,0.0,1.5,0.0,0.0,0.0,0.0,,
2023-06-21,29.0,19.0,24.0,0.0,6.0,0.0,0.0,0.0,0.0,,
2023-06-22,29.0,16.5,22.8,0.0,4.8,28.2,0.0,28.2,0.0,,
2023-06-23,27.0,19.0,23.0,0.0,5.0,0.0,0.0,0.0,0.0,,
2023-06-24,27.0,12.0,19.5,0.0,1.5,0.0,0.0,0.0,0.0,,
2023-06-25,,,,,,,,,,,
2023-06-26,25.0,14.5,19.8,0.0,1.8,27.8,0.0,27.8,0.0,,
2023-06-27,17.0,14.0,15.5,2.5,0.0,30.4,0.0,30.4,0.0,,
2023-06-28,25.0,14.5,19.8,0.0,1.8,0.0,0.0,0.0,0.0,,
2023-06-29,24.5,15.0,19.8,0.0,1.8,1.8,0.0,1.8,0.0,,
2023-06-30,26.0,17.0,21.5,0.0,3.5,2.4,0.0,2.4,0.0,,
2023-07-01,24.5,17.0,20.8,0.0,2.8,0.0,0.0,0.0,0.0,,
2023-07-02,24.0,14.0,19.0,0.0,1.0,0.0,0.0,0.0,0.0,,
2023-07-03,25.0,10.0,17.5,0.5,0.0,0.0,0.0,0.0,0.0,,
2023-07-04,26.0,11.0,18.5,0.0,0.5,0.0,0.0,0.0,0.0,,
2023-07-05,28.0,14.0,21.0,0.0,3.0,0.0,0.0,0.0,0.0,,
2023-07-06,,,,,,,,,,,
2023-07-07,26.0,18.0,22.0,0.0,4.0,8.6,0.0,8.6,0.0,,
2023-07-08,20.0,12.5,16.3,1.7,0.0,14.4,0.0,14.4,0.0,,
2023-07-09,24.0,17.0,20.5,0.0,2.5,3.5,0.0,3.5,0.0,,
2023-07-10,26.0,13.0,19.5,0.0,1.5,0.0,0.0,0.0,0.0,,
2023-07-11,28.0,13.5,20.8,0.0,2.8,0.0,0.0,0.0,0.0,,
2023-07-12,25.0,18.0,21.5,0.0,3.5,0.0,0.0,0.0,0.0,,
2023-07-13,,,,,,,,,,,
2023-07-14,29.0,19.5,24.3,0.0,6.3,1.8,0.0,1.8,0.0,,
2023-07-15,23.5,14.5,19.0,0.0,1.0,0.0,0.0,0.0,0.0,,
2023-07-16,25.0,11.0,18.0,0.0,0.0,3.6,0.0,3.6,0.0,,
2023-07-17,30.0,18.0,24.0,0.0,6.0,0.0,0.0,0.0,0.0,,
2023-07-18,32.0,21.0,26.5,0.0,8.5,3.0,0.0,3.0,0.0,,
2023-07-19,33.0,21.5,27.3,0.0,9.3,0.0,0.0,0.0,0.0,,
2023-07-20,30.0,15.0,22.5,0.0,4.5,0.0,0.0,0.0,0.0,,
2023-07-21,,,,,,,,,,,
2023-07-22,27.0,14.5,20.8,0.0,2.8,0.0,0.0,0.0,0.0,,
2023-07-23,29.0,15.0,22.0,0.0,4.0,0.0,0.0,0.0,0.0,,
2023-07-24,31.0,,,,,0.0,0.0,0.0,0.0,,
2023-07-25,31.5,18.5,25.0,0.0,7.0,5.4,0.0,5.4,0.0,,
2023-07-26,30.0,20.0,25.0,0.0,7.0,0.0,0.0,0.0,0.0,,
2023-07-27,32.0,16.0,24.0,0.0,6.0,0.0,0.0,0.0,0.0,,
2023-07-28,33.5,17.5,25.5,0.0,7.5,0.0,0.0,0.0,0.0,,
2023-07-29,,,,,,,,,,,
2023-07-30,30.5,19.0,24.8,0.0,6.8,0.0,0.0,0.0,0.0,,
2023-07-31,31.0,19.5,25.3,0.0,7.3,0.0,0.0,0.0,0.0,,
2023-08-01,29.0,16.5,22.8,0.0,4.8,0.0,0.0,0.0,0.0,,
2023-08-02,33.5,16.5,25.0,0.0,7.0,27.8,0.0,27.8,0.0,,
2023-08-03,,,,,,,,,,,
2023-08-04,28.5,15.0,21.8,0.0,3.8,0.0,0.0,0.0,0.0,,
2023-08-05,27.0,15.5,21.3,0.0,3.3,0.0,0.0,0.0,0.0,,
2023-08-06,,,,,,,,,,,
2023-08-07,27.0,,,,,0.0,0.0,0.0,0.0,,
2023-08-08,25.0,15.0,20.0,0.0,2.0,1.4,0.0,1.4,0.0,,
2023-08-09,28.5,18.5,23.5,0.0,5.5,0.0,0.0,0.0,0.0,,
2023-08-10,27.0,20.0,23.5,0.0,5.5,11.6,0.0,11.6,0.0,,
2023-08-11,,,,,,,,,,,
2023-08-12,,,,,,,,,,,
2023-08-13,30.0,14.5,22.3,0.0,4.3,0.0,0.0,0.0,0.0,,
2023-08-14,30.5,20.5,25.5,0.0,7.5,0.0,0.0,0.0,0.0,,
2023-08-15,,,,,,,,,,,
2023-08-16,31.0,18.0,24.5,0.0,6.5,0.0,0.0,0.0,0.0,,
2023-08-17,31.5,21.0,26.3,0.0,8.3,0.0,0.0,0.0,0.0,,
2023-08-18,29.0,20.5,24.8,0.0,6.8,0.0,0.0,0.0,0.0,,
2023-08-19,30.5,22.0,26.3,0.0,8.3,30.2,0.0,30.2,0.0,,
2023-08-20,25.0,17.0,21.0,0.0,3.0,0.0,0.0,0.0,0.0,,
2023-08-21,26.5,15.0,20.8,0.0,2.8,0.0,0.0,0.0,0.0,,
2023-08-22,,,,,,,,,,,
2023-08-23,28.0,15.0,21.5,0.0,3.5,0.6,0.0,0.6,0.0,,
2023-08-24,,,,,,,,,,,
2023-08-25,19.0,14.0,16.5,1.5,0.0,0.0,0.0,0.0,0.0,,
2023-08-26,,,,,,,,,,,
2023-08-27,,,,,,,,,,,
2023-08-28,,,,,,,,,,,
2023-08-29,,,,,,,,,,,
2023-08-30,29.0,19.0,24.0,0.0,6.0,0.0,0.0,0.0,0.0,,
2023-08-31,30.5,17.5,24.0,0.0,6.0,0.0,0.0,0.0,0.0,,
2023-09-01,32.0,18.0,25.0,0.0,7.0,0.0,0.0,0.0,0.0,,
2023-09-02,,,,,,,,,,,
2023-09-03,32.0,20.0,26.0,0.0,8.0,57.2,0.0,57.2,0.0,,
2023-09-04,30.0,18.5,24.3,0.0,6.3,2.6,0.0,2.6,0.0,,
2023-09-05,26.5,19.5,23.0,0.0,5.0,0.8,0.0,0.8,0.0,,
2023-09-06,31.5,,,,,0.0,0.0,0.0,0.0,,
2023-09-07,32.5,18.0,25.3,0.0,7.3,0.0,0.0,0.0,0.0,,
2023-09-08,,,,,,,,,,,
2023-09-09,25.5,21.0,23.3,0.0,5.3,0.0,0.0,0.0,0.0,,
2023-09-10,,,,,,,,,,,
2023-09-11,20.5,15.0,17.8,0.2,0.0,4.8,0.0,4.8,0.0,,
2023-09-12,19.0,11.5,15.3,2.7,0.0,0.0,0.0,0.0,0.0,,
2023-09-13,20.0,9.0,14.5,3.5,0.0,0.0,0.0,0.0,0.0,,
2023-09-14,,,,,,0.0,0.0,0.0,0.0,,
2023-09-15,,,,,,,,,,,
2023-09-16,27.5,13.0,20.3,0.0,2.3,0.0,0.0,0.0,0.0,,
2023-09-17,,,,,,,,,,,
2023-09-18,,,,,,,,,,,
2023-09-19,22.0,19.5,20.8,0.0,2.8,2.2,0.0,2.2,0.0,,
2023-09-20,,,,,,0.0,0.0,0.0,0.0,,
2023-09-21,,,,,,0.0,0.0,0.0,0.0,,
2023-09-22,,,,,,0.0,0.0,0.0,0.0,,
2023-09-23,,,,,,0.0,0.0,0.0,0.0,,
2023-09-24,26.5,,,,,0.0,0.0,0.0,0.0,,
2023-09-25,,,,,,,,,,,
2023-09-26,,,,,,,,,,,
2023-09-27,25.5,14.5,20.0,0.0,2.0,0.0,0.0,0.0,0.0,,
2023-09-28,26.5,19.0,22.8,0.0,4.8,0.0,0.0,0.0,0.0,,
2023-09-29,22.5,17.0,19.8,0.0,1.8,9.8,0.0,9.8,0.0,,
2023-09-30,18.5,12.5,15.5,2.5,0.0,0.0,0.0,0.0,0.0,,
2023-10-01,,,,,,,,,,,
2023-10-02,,,,,,,,,,,
2023-10-03,13.5,,,,,8.8,0.0,8.8,0.0,,
2023-10-04,17.5,8.0,12.8,5.2,0.0,0.0,0.0,0.0,0.0,,
2023-10-05,23.0,12.0,17.5,0.5,0.0,0.0,0.0,0.0,0.0,,
2023-10-06,20.5,13.0,16.8,1.2,0.0,0.0,0.0,0.0,0.0,,
2023-10-07,23.0,11.0,17.0,1.0,0.0,0.0,0.0,0.0,0.0,,
2023-10-08,,,,,,,,,,,
2023-10-09,17.0,14.0,15.5,2.5,0.0,0.0,0.0,0.0,0.0,,
2023-10-10,,,,,,,,,,,
2023-10-11,22.5,10.0,16.3,1.7,0.0,0.0,0.0,0.0,0.0,,
2023-10-12,24.5,13.0,18.8,0.0,0.8,0.0,0.0,0.0,0.0,,
2023-10-13,,,,,,,,,,,
2023-10-14,,,,,,,,,,,
2023-10-15,19.5,,,,,1.2,0.0,1.2,0.0,,
2023-10-16,15.0,4.5,9.8,8.2,0.0,0.0,0.0,0.0,0.0,,
2023-10-17,9.0,,,,,0.0,0.0,0.0,0.0,,
2023-10-18,,,,,,,,,,,
2023-10-19,,,,,,,,,,,
2023-10-20,22.0,12.5,17.3,0.7,0.0,0.0,0.0,0.0,0.0,,
2023-10-21,21.5,12.0,16.8,1.2,0.0,0.0,0.0,0.0,0.0,,
2023-10-22,19.5,14.0,16.8,1.2,0.0,0.0,0.0,0.0,0.0,,
2023-10-23,,,,,,,,,,,
2023-10-24,20.0,10.0,15.0,3.0,0.0,4.2,0.0,4.2,0.0,,
2023-10-25,16.0,9.0,12.5,5.5,0.0,0.0,0.0,0.0,0.0,,
2023-10-26,15.5,2.0,8.8,9.2,0.0,0.0,0.0,0.0,0.0,,
2023-10-27,,,,,,,,,,,
2023-10-28,16.0,10.0,13.0,5.0,0.0,1.8,0.0,1.8,0.0,,
2023-10-29,,,,,,,,,,,
2023-10-30,,,,,,,,,,,
2023-10-31,,,,,,,,,,,
2023-11-01,,,,,,,,,,,
2023-11-02,,,,,,,,,,,
2023-11-03,22.0,6.5,14.3,3.7,0.0,0.0,0.0,0.0,0.0,,
2023-11-04,23.0,5.0,14.0,4.0,0.0,0.0,0.0,0.0,0.0,,
2023-11-05,22.0,11.0,16.5,1.5,0.0,6.6,0.0,6.6,0.0,,
2023-11-06,18.0,12.0,15.0,3.0,0.0,1.0,0.0,1.0,0.0,,
2023-11-07,12.5,7.0,9.8,8.2,0.0,1.0,0.0,1.0,0.0,,
2023-11-08,,,,,,,,,,,
2023-11-09,14.5,-1.5,6.5,11.5,0.0,12.2,0.0,12.2,0.0,,
2023-11-10,,,,,,,,,,,
2023-11-11,,,,,,,,,,,
2023-11-12,10.5,7.5,9.0,9.0,0.0,3.2,0.0,3.2,0.0,,
2023-11-13,,,,,,,,,,,
2023-11-14,,,,,,,,,,,
2023-11-15,17.0,5.0,11.0,7.0,0.0,0.0,0.0,0.0,0.0,,
2023-11-16,,,,,,,,,,,
2023-11-17,,,,,,,,,,,
2023-11-18,16.0,12.0,14.0,4.0,0.0,11.6,0.0,11.6,0.0,,
2023-11-19,14.5,7.0,10.8,7.2,0.0,0.0,0.0,0.0,0.0,,
2023-11-20,,,,,,,,,,,
2023-11-21,2.0,-0.5,0.8,17.2,0.0,1.6,10.0,11.6,0.0,,
2023-11-22,1.5,-4.0,-1.3,19.3,0.0,0.0,0.0,0.0,7.0,,
2023-11-23,,,,,,,,,,,
2023-11-24,,,,,,,,,,,
2023-11-25,,,,,,,,,,,
2023-11-26,,,,,,,,,,,
2023-11-27,12.0,3.5,7.8,10.2,0.0,11.6,0.0,11.6,0.0,,
2023-11-28,,,,,,,,,,,
2023-11-29,4.5,,,,,0.0,0.0,0.0,0.0,,
2023-11-30,,,,,,,,,,,
2023-12-01,,,,,,,,,,,
2023-12-02,7.5,-4.0,1.8,16.2,0.0,4.0,0.0,4.0,0.0,,
2023-12-03,,,,,,,,,,,
2023-12-04,6.5,,,,,0.0,0.0,0.0,0.0,,
2023-12-05,,,,,,,,,,,
2023-12-06,,,,,,,,,,,
2023-12-07,3.0,-2.5,0.3,17.7,0.0,0.0,0.0,0.0,0.0,,
2023-12-08,,,,,,,,,,,
2023-12-09,,,,,,,,,,,
2023-12-10,,,,,,,,,,,
2023-12-11,13.0,5.5,9.3,8.7,0.0,0.0,0.0,0.0,0.0,,
2023-12-12,16.0,7.0,11.5,6.5,0.0,0.6,0.0,0.6,0.0,,
2023-12-13,15.0,11.0,13.0,5.0,0.0,0.0,0.0,0.0,0.0,,
2023-12-14,,,,,,,,,,,
2023-12-15,,,,,,,,,,,
2023-12-16,,,,,,,,,,,
2023-12-17,10.5,,,,,0.0,0.0,0.0,0.0,,
2023-12-18,,,,,,,,,,,
2023-12-19,3.0,-4.0,-0.5,18.5,0.0,0.0,0.0,0.0,0.0,,
2023-12-20,5.5,-5.0,0.3,17.7,0.0,7.0,0.0,7.0,0.0,,
2023-12-21,,,,,,,,,,,
2023-12-22,11.5,4.0,7.8,10.2,0.0,0.0,0.0,0.0,0.0,,
2023-12-23,15.5,1.0,8.3,9.7,0.0,10.4,0.0,10.4,0.0,,
2023-12-24,,,,,,,,,,,
2023-12-25,,,,,,0.0,0.0,0.0,0.0,,
2023-12-26,9.5,,,,,18.4,0.0,18.4,0.0,,
2023-12-27,,,,,,,,,,,
2023-12-28,,,,,,,,,,,
2023-12-29,6.5,-2.0,2.3,15.7,0.0,0.0,0.0,0.0,0.0,,
2023-12-30,,,,,,,,,,,
2023-12-31,,,,,,,,,,,
2024-01-01,,,,,,,,,,,
2024-01-02,,,,,,,,,,,
2024-01-03,,,,,,,,,,,
2024-01-04,,,,,,,,,,,
2024-01-05,,,,,,,,,,,
2024-01-06,,,,,,,,,,,
2024-01-07,,,,,,,,,,,
2024-01-08,7.0,-14.0,-3.5,21.5,0.0,9.0,0.0,9.0,0.0,,
2024-01-09,11.0,3.0,7.0,11.0,0.0,14.6,0.0,14.6,0.0,,
2024-01-10,-1.5,-5.0,-3.3,21.3,0.0,0.0,7.0,7.0,0.0,,
2024-01-11,,,,,,,,,,,
2024-01-12,-5.0,-12.0,-8.5,26.5,0.0,0.0,0.0,0.0,12.0,,
2024-01-13,,,,,,,,,,,
2024-01-14,2.5,-10.5,-4.0,22.0,0.0,0.0,0.0,0.0,11.0,,
2024-01-15,4.5,-2.0,1.3,16.7,0.0,7.6,0.0,7.6,8.0,,
2024-01-16,,,,,,,,,,,
2024-01-17,,,,,,,,,,,
2024-01-18,,,,,,,,,,,
2024-01-19,,,,,,,,,,,
2024-01-20,,,,,,,,,,,
2024-01-21,-3.0,,,,,0.0,0.0,0.0,0.0,,
2024-01-22,,,,,,,,,,,
2024-01-23,,,,,,,,,,,
2024-01-24,3.0,,,,,0.0,0.0,0.0,0.0,,
2024-01-25,5.5,-9.0,-1.8,19.8,0.0,0.0,0.0,0.0,0.0,,
2024-01-26,6.0,,,,,0.0,0.0,0.0,0.0,,
2024-01-27,,,,,,,,,,,
2024-01-28,,,,,,,,,,,
2024-01-29,,,,,,,,,,,
2024-01-30,,,,,,,,,,,
2024-01-31,,,,,,,,,,,
2024-02-01,,,,,,,,,,,
2024-02-02,9.5,-5.5,2.0,16.0,0.0,10.2,0.0,10.2,0.0,,
2024-02-03,13.0,1.5,7.3,10.7,0.0,0.0,0.0,0.0,0.0,,
2024-02-04,1.5,-1.0,0.3,17.7,0.0,0.0,0.0,0.0,0.0,,
2024-02-05,,,,,,,,,,,
2024-02-06,,,,,,,,,,,
2024-02-07,8.5,,,,,0.4,0.0,0.4,0.0,,
2024-02-08,5.0,-1.0,2.0,16.0,0.0,0.0,7.0,7.0,0.0,,
2024-02-09,,,,,,,,,,,
2024-02-10,,,,,,,,,,,
2024-02-11,,,,,,,,,,,
2024-02-12,,,,,,,,,,,
2024-02-13,-8.5,-16.0,-12.3,30.3,0.0,0.0,0.0,0.0,3.0,,
2024-02-14,-5.0,-18.0,-11.5,29.5,0.0,0.0,1.0,1.0,3.0,,
2024-02-15,,,,,,,,,,,
2024-02-16,,,,,,,,,,,
2024-02-17,,,,,,,,,,,
2024-02-18,6.5,-12.0,-2.8,20.8,0.0,0.0,0.0,0.0,4.0,,
2024-02-19,17.5,-3.5,7.0,11.0,0.0,0.0,0.0,0.0,0.0,,
2024-02-20,17.5,5.0,11.3,6.7,0.0,0.0,0.0,0.0,0.0,,
2024-02-21,,,,,,,,,,,
2024-02-22,,,,,,,,,,,
2024-02-23,,,,,,,,,,,
2024-02-24,1.0,-1.0,0.0,18.0,0.0,25.4,6.0,31.4,0.0,,
2024-02-25,1.0,-3.5,-1.3,19.3,0.0,0.0,0.0,0.0,6.0,,
2024-02-26,,,,,,,,,,,
2024-02-27,,,,,,,,,,,
2024-02-28,,,,,,,,,,,
2024-02-29,10.5,-1.0,4.8,13.2,0.0,0.0,0.0,0.0,0.0,,
2024-03-01,10.5,-5.0,2.8,15.2,0.0,3.0,5.0,8.0,1.0,,
2024-03-02,,,,,,,,,,,
2024-03-03,,,,,,,,,,,
2024-03-04,2.0,-4.0,-1.0,19.0,0.0,0.0,2.0,2.0,7.0,,
2024-03-05,,,,,,,,,,,
2024-03-06,7.5,,,,,0.0,0.0,0.0,0.0,,
2024-03-07,18.0,-2.0,8.0,10.0,0.0,0.0,0.0,0.0,0.0,,
2024-03-08,,,,,,,,,,,
2024-03-09,20.0,9.0,14.5,3.5,0.0,3.2,0.0,3.2,0.0,,
2024-03-10,,,,,,,,,,,
2024-03-11,,,,,,,,,,,
2024-03-12,,,,,,,,,,,
2024-03-13,11.0,5.0,8.0,10.0,0.0,23.8,0.0,23.8,0.0,,
2024-03-14,,,,,,,,,,,
2024-03-15,15.0,7.0,11.0,7.0,0.0,1.2,0.0,1.2,0.0,,
2024-03-16,16.0,5.5,10.8,7.2,0.0,0.8,0.0,0.8,0.0,,
2024-03-17,13.5,5.5,9.5,8.5,0.0,0.0,0.0,0.0,0.0,,
2024-03-18,11.0,-2.5,4.3,13.7,0.0,0.0,0.0,0.0,0.0,,
2024-03-19,,,,,,0.0,0.0,0.0,0.0,,
2024-03-20,6.5,,,,,0.0,0.0,0.0,0.0,,
2024-03-21,8.5,-3.0,2.8,15.2,0.0,0.0,0.0,0.0,0.0,,
2024-03-22,,,,,,,,,,,
2024-03-23,13.0,0.0,6.5,11.5,0.0,3.4,0.0,3.4,0.0,,
2024-03-24,12.5,2.5,7.5,10.5,0.0,32.6,0.0,32.6,0.0,,
2024-03-25,,,,,,,,,,,
2024-03-26,8.5,-3.5,2.5,15.5,0.0,0.0,0.0,0.0,0.0,,
2024-03-27,20.5,-2.0,9.3,8.7,0.0,28.0,0.0,28.0,0.0,,
2024-03-28,9.0,6.0,7.5,10.5,0.0,0.0,0.0,0.0,0.0,,
2024-03-29,10.5,0.5,5.5,12.5,0.0,0.0,0.0,0.0,0.0,,
2024-03-30,16.0,0.0,8.0,10.0,0.0,7.6,0.0,7.6,0.0,,
2024-03-31,15.5,10.0,12.8,5.2,0.0,9.6,0.0,9.6,0.0,,
2024-04-01,12.0,6.5,9.3,8.7,0.0,1.4,0.0,1.4,0.0,,
2024-04-02,6.0,1.0,3.5,14.5,0.0,0.0,3.8,3.8,0.0,,
2024-04-03,8.0,-5.0,1.5,16.5,0.0,1.2,0.0,1.2,0.0,,
2024-04-04,1.5,-2.0,-0.3,18.3,0.0,0.0,0.0,0.0,0.0,,
2024-04-05,4.5,-8.5,-2.0,20.0,0.0,0.0,0.0,0.0,0.0,,
2024-04-06,11.5,-2.0,4.8,13.2,0.0,9.4,0.0,9.4,0.0,,
2024-04-07,,,,,,,,,,,
2024-04-08,7.0,-2.0,2.5,15.5,0.0,0.0,2.2,2.2,0.0,,
2024-04-09,,,,,,,,,,,
2024-04-10,,,,,,,,,,,
2024-04-11,,,,,,,,,,,
2024-04-12,,,,,,,,,,,
2024-04-13,11.0,-2.0,4.5,13.5,0.0,0.0,0.0,0.0,0.0,,
2024-04-14,14.0,-2.0,6.0,12.0,0.0,0.0,0.0,0.0,0.0,,
2024-04-15,21.0,1.0,11.0,7.0,0.0,0.0,0.0,0.0,0.0,,
2024-04-16,24.0,4.5,14.3,3.7,0.0,0.0,0.0,0.0,0.0,,
2024-04-17,23.5,4.0,13.8,4.2,0.0,0.0,0.0,0.0,0.0,,
2024-04-18,25.0,5.0,15.0,3.0,0.0,0.0,0.0,0.0,0.0,,
2024-04-19,15.0,7.0,11.0,7.0,0.0,0.0,0.0,0.0,0.0,,
2024-04-20,20.0,4.0,12.0,6.0,0.0,0.0,0.0,0.0,0.0,,
2024-04-21,,,,,,,,,,,
2024-04-22,17.0,8.0,12.5,5.5,0.0,0.0,0.0,0.0,0.0,,
2024-04-23,,,,,,,,,,,
2024-04-24,,,,,,,,,,,
2024-04-25,22.5,5.5,14.0,4.0,0.0,12.4,0.0,12.4,0.0,,
2024-04-26,12.5,8.5,10.5,7.5,0.0,0.0,0.0,0.0,0.0,,
2024-04-27,,,,,,,,,,,
2024-04-28,9.5,4.0,6.8,11.2,0.0,3.4,0.0,3.4,0.0,,
2024-04-29,,,,,,,,,,,
2024-04-30,,,,,,,,,,,
2024-05-01,,,,,,,,,,,
2024-05-02,13.0,7.0,10.0,8.0,0.0,0.6,0.0,0.6,0.0,,
2024-05-03,18.0,3.5,10.8,7.2,0.0,0.0,0.0,0.0,0.0,,
2024-05-04,15.5,9.5,12.5,5.5,0.0,10.2,0.0,10.2,0.0,,
2024-05-05,19.0,6.0,12.5,5.5,0.0,0.0,0.0,0.0,0.0,,
2024-05-06,22.5,5.0,13.8,4.2,0.0,0.0,0.0,0.0,0.0,,
2024-05-07,,,,,,,,,,,
2024-05-08,,,,,,,,,,,
2024-05-09,,,,,,,,,,,
2024-05-10,,,,,,,,,,,
2024-05-11,,,,,,,,,,,
2024-05-12,25.5,11.0,18.3,0.0,0.3,10.6,0.0,10.6,0.0,,
2024-05-13,21.0,12.0,16.5,1.5,0.0,6.4,0.0,6.4,0.0,,
2024-05-14,11.5,8.0,9.8,8.2,0.0,0.0,0.0,0.0,0.0,,
2024-05-15,11.0,2.5,6.8,11.2,0.0,0.0,0.0,0.0,0.0,,
2024-05-16,21.0,4.0,12.5,5.5,0.0,0.6,0.0,0.6,0.0,,
2024-05-17,,,,,,,,,,,
2024-05-18,18.5,6.0,12.3,5.7,0.0,0.0,0.0,0.0,0.0,,
2024-05-19,,,,,,,,,,,
2024-05-20,,,,,,,,,,,
2024-05-21,,,,,,,,,,,
2024-05-22,,,,,,,,,,,
2024-05-23,,,,,,,,,,,
2024-05-24,29.0,9.5,19.3,0.0,1.3,0.0,0.0,0.0,0.0,,
2024-05-25,30.0,14.5,22.3,0.0,4.3,0.0,0.0,0.0,0.0,,
2024-05-26,30.0,18.0,24.0,0.0,6.0,0.0,0.0,0.0,0.0,,
2024-05-27,30.0,18.0,24.0,0.0,6.0,0.0,0.0,0.0,0.0,,
2024-05-28,31.0,17.5,24.3,0.0,6.3,0.0,0.0,0.0,0.0,,
2024-05-29,31.0,19.0,25.0,0.0,7.0,2.2,0.0,2.2,0.0,,
2024-05-30,,,,,,,,,,,
2024-05-31,,,,,,,,,,,
2024-06-01,,,,,,,,,,,
2024-06-02,30.0,16.0,23.0,0.0,5.0,0.0,0.0,0.0,0.0,,
2024-06-03,,,,,,,,,,,
2024-06-04,26.5,14.0,20.3,0.0,2.3,8.0,0.0,8.0,0.0,,
2024-06-05,25.0,17.0,21.0,0.0,3.0,4.6,0.0,4.6,0.0,,
2024-06-06,29.0,15.0,22.0,0.0,4.0,0.0,0.0,0.0,0.0,,
2024-06-07,,,,,,,,,,,
2024-06-08,21.5,9.0,15.3,2.7,0.0,0.0,0.0,0.0,0.0,,
2024-06-09,25.0,9.5,17.3,0.7,0.0,0.0,0.0,0.0,0.0,,
2024-06-10,29.0,13.5,21.3,0.0,3.3,0.0,0.0,0.0,0.0,,
2024-06-11,35.0,19.0,27.0,0.0,9.0,0.0,0.0,0.0,0.0,,
2024-06-12,26.5,16.0,21.3,0.0,3.3,0.0,0.0,0.0,0.0,,
2024-06-13,24.0,8.5,16.3,1.7,0.0,0.0,0.0,0.0,0.0,,
2024-06-14,,,,,,,,,,,
2024-06-15,,,,,,,,,,,
2024-06-16,27.5,17.0,22.3,0.0,4.3,4.4,0.0,4.4,0.0,,
2024-06-17,,,,,,,,,,,
2024-06-18,30.5,13.0,21.8,0.0,3.8,0.0,0.0,0.0,0.0,,
2024-06-19,33.0,16.5,24.8,0.0,6.8,0.0,0.0,0.0,0.0,,
2024-06-20,34.5,20.5,27.5,0.0,9.5,0.0,0.0,0.0,0.0,,
2024-06-21,,,,,,,,,,,
2024-06-22,30.5,17.0,23.8,0.0,5.8,0.0,0.0,0.0,0.0,,
2024-06-23,,,,,,,,,,,
2024-06-24,29.0,13.0,21.0,0.0,3.0,0.0,0.0,0.0,0.0,,
2024-06-25,30.5,13.0,21.8,0.0,3.8,0.0,0.0,0.0,0.0,,
2024-06-26,34.0,18.5,26.3,0.0,8.3,3.2,0.0,3.2,0.0,,
2024-06-27,34.5,20.0,27.3,0.0,9.3,0.0,0.0,0.0,0.0,,
2024-06-28,,,,,,,,,,,
2024-06-29,,,,,,,,,,,
2024-06-30,30.0,13.0,21.5,0.0,3.5,2.0,0.0,2.0,0.0,,
2024-07-01,,,,,,,,,,,
2024-07-02,26.0,11.0,18.5,0.0,0.5,0.0,0.0,0.0,0.0,,
2024-07-03,28.0,12.5,20.3,0.0,2.3,0.0,0.0,0.0,0.0,,
2024-07-04,,,,,,,,,,,
2024-07-05,33.0,20.5,26.8,0.0,8.8,0.0,0.0,0.0,0.0,,
2024-07-06,33.0,19.0,26.0,0.0,8.0,3.6,0.0,3.6,0.0,,
2024-07-07,34.5,20.0,27.3,0.0,9.3,33.4,0.0,33.4,0.0,,
2024-07-08,32.0,18.5,25.3,0.0,7.3,7.0,0.0,7.0,0.0,,
2024-07-09,26.0,18.5,22.3,0.0,4.3,0.0,0.0,0.0,0.0,,
2024-07-10,,,,,,,,,,,
2024-07-11,,,,,,,,,,,
2024-07-12,33.0,22.0,27.5,0.0,9.5,0.0,0.0,0.0,0.0,,
2024-07-13,33.0,22.0,27.5,0.0,9.5,27.4,0.0,27.4,0.0,,
2024-07-14,31.0,21.0,26.0,0.0,8.0,0.0,0.0,0.0,0.0,,
2024-07-15,28.5,19.5,24.0,0.0,6.0,0.0,0.0,0.0,0.0,,
2024-07-16,,,,,,,,,,,
2024-07-17,30.0,16.0,23.0,0.0,5.0,1.2,0.0,1.2,0.0,,
2024-07-18,31.5,22.0,26.8,0.0,8.8,0.0,0.0,0.0,0.0,,
2024-07-19,30.5,14.5,22.5,0.0,4.5,0.0,0.0,0.0,0.0,,
2024-07-20,,,,,,,,,,,
2024-07-21,33.5,20.5,27.0,0.0,9.0,4.0,0.0,4.0,0.0,,
2024-07-22,35.0,22.0,28.5,0.0,10.5,0.0,0.0,0.0,0.0,,
2024-07-23,34.0,23.0,28.5,0.0,10.5,0.0,0.0,0.0,0.0,,
2024-07-24,30.0,22.0,26.0,0.0,8.0,10.8,0.0,10.8,0.0,,
2024-07-25,33.0,23.0,28.0,0.0,10.0,0.0,0.0,0.0,0.0,,
2024-07-26,30.0,17.5,23.8,0.0,5.8,0.0,0.0,0.0,0.0,,
2024-07-27,,,,,,,,,,,
2024-07-28,30.0,20.0,25.0,0.0,7.0,0.0,0.0,0.0,0.0,,
2024-07-29,,,,,,,,,,,
2024-07-30,26.5,19.5,23.0,0.0,5.0,14.6,0.0,14.6,0.0,,
2024-07-31,31.0,19.0,25.0,0.0,7.0,0.0,0.0,0.0,0.0,,
2024-08-01,,,,,,,,,,,
2024-08-02,,,,,,,,,,,
2024-08-03,,,,,,,,,,,
2024-08-04,33.5,18.0,25.8,0.0,7.8,0.0,0.0,0.0,0.0,,
2024-08-05,,,,,,,,,,,
2024-08-06,31.0,19.5,25.3,0.0,7.3,0.0,0.0,0.0,0.0,,
2024-08-07,30.0,18.0,24.0,0.0,6.0,0.0,0.0,0.0,0.0,,
2024-08-08,30.0,14.0,22.0,0.0,4.0,0.0,0.0,0.0,0.0,,
2024-08-09,33.0,17.0,25.0,0.0,7.0,0.0,0.0,0.0,0.0,,
2024-08-10,34.5,21.0,27.8,0.0,9.8,0.0,0.0,0.0,0.0,,
2024-08-11,,,,,,,,,,,
2024-08-12,35.0,25.5,30.3,0.0,12.3,0.0,0.0,0.0,0.0,,
2024-08-13,31.0,23.5,27.3,0.0,9.3,10.0,0.0,10.0,0.0,,
2024-08-14,29.5,20.5,25.0,0.0,7.0,2.4,0.0,2.4,0.0,,
2024-08-15,27.0,19.0,23.0,0.0,5.0,26.6,0.0,26.6,0.0,,
2024-08-16,28.0,21.5,24.8,0.0,6.8,2.0,0.0,2.0,0.0,,
2024-08-17,28.5,18.0,23.3,0.0,5.3,3.6,0.0,3.6,0.0,,
2024-08-18,29.5,18.5,24.0,0.0,6.0,0.0,0.0,0.0,0.0,,
2024-08-19,32.5,19.5,26.0,0.0,8.0,0.0,0.0,0.0,0.0,,
2024-08-20,30.5,20.0,25.3,0.0,7.3,14.4,0.0,14.4,0.0,,
2024-08-21,26.5,17.5,22.0,0.0,4.0,0.0,0.0,0.0,0.0,,
2024-08-22,26.0,14.5,20.3,0.0,2.3,0.0,0.0,0.0,0.0,,
2024-08-23,28.0,13.0,20.5,0.0,2.5,0.0,0.0,0.0,0.0,,
2024-08-24,29.5,18.0,23.8,0.0,5.8,0.0,0.0,0.0,0.0,,
2024-08-25,32.5,21.0,26.8,0.0,8.8,0.0,0.0,0.0,0.0,,
2024-08-26,30.0,17.0,23.5,0.0,5.5,0.0,0.0,0.0,0.0,,
2024-08-27,31.0,19.5,25.3,0.0,7.3,23.0,0.0,23.0,0.0,,
2024-08-28,32.5,20.5,26.5,0.0,8.5,9.6,0.0,9.6,0.0,,
2024-08-29,29.0,18.5,23.8,0.0,5.8,0.0,0.0,0.0,0.0,,
2024-08-30,,,,,,,,,,,
2024-08-31,,,,,,,,,,,
2024-09-01,23.0,14.5,18.8,0.0,0.8,0.0,0.0,0.0,0.0,,
2024-09-02,23.5,13.0,18.3,0.0,0.3,0.0,0.0,0.0,0.0,,
2024-09-03,26.0,13.0,19.5,0.0,1.5,0.0,0.0,0.0,0.0,,
2024-09-04,28.0,12.0,20.0,0.0,2.0,0.0,0.0,0.0,0.0,,
2024-09-05,30.0,13.5,21.8,0.0,3.8,0.0,0.0,0.0,0.0,,
2024-09-06,33.5,21.0,27.3,0.0,9.3,0.0,0.0,0.0,0.0,,
2024-09-07,35.0,24.0,29.5,0.0,11.5,11.6,0.0,11.6,0.0,,
2024-09-08,28.5,24.0,26.3,0.0,8.3,2.0,0.0,2.0,0.0,,
2024-09-09,,,,,,,,,,,
2024-09-10,27.0,19.0,23.0,0.0,5.0,1.0,0.0,1.0,0.0,,
2024-09-11,,,,,,,,,,,
2024-09-12,25.0,10.5,17.8,0.2,0.0,0.0,0.0,0.0,0.0,,
2024-09-13,,,,,,,,,,,
2024-09-14,,,,,,,,,,,
2024-09-15,,,,,,,,,,,
2024-09-16,,,,,,,,,,,
2024-09-17,23.0,20.0,21.5,0.0,3.5,9.6,0.0,9.6,0.0,,
2024-09-18,27.5,17.0,22.3,0.0,4.3,0.0,0.0,0.0,0.0,,
2024-09-19,,,,,,,,,,,
2024-09-20,,,,,,,,,,,
2024-09-21,28.0,12.0,20.0,0.0,2.0,0.0,0.0,0.0,0.0,,
2024-09-22,31.0,15.5,23.3,0.0,5.3,0.0,0.0,0.0,0.0,,
2024-09-23,,,,,,,,,,,
2024-09-24,22.0,13.0,17.5,0.5,0.0,0.0,0.0,0.0,0.0,,
2024-09-25,,,,,,,,,,,
2024-09-26,21.0,14.0,17.5,0.5,0.0,17.2,0.0,17.2,0.0,,
2024-09-27,22.0,11.5,16.8,1.2,0.0,0.0,0.0,0.0,0.0,,
2024-09-28,16.0,10.0,13.0,5.0,0.0,40.0,0.0,40.0,0.0,,
2024-09-29,17.5,14.0,15.8,2.2,0.0,17.0,0.0,17.0,0.0,,
2024-09-30,18.0,15.0,16.5,1.5,0.0,7.8,0.0,7.8,0.0,,
2024-10-01,22.0,15.0,18.5,0.0,0.5,5.2,0.0,5.2,0.0,,
2024-10-02,22.0,11.0,16.5,1.5,0.0,0.0,0.0,0.0,0.0,,
2024-10-03,,,,,,,,,,,
2024-10-04,24.0,10.0,17.0,1.0,0.0,0.0,0.0,0.0,0.0,,
2024-10-05,26.0,15.0,20.5,0.0,2.5,0.8,0.0,0.8,0.0,,
2024-10-06,26.0,15.5,20.8,0.0,2.8,0.0,0.0,0.0,0.0,,
2024-10-07,,,,,,,,,,,
2024-10-08,17.0,9.0,13.0,5.0,0.0,0.0,0.0,0.0,0.0,,
2024-10-09,16.0,4.0,10.0,8.0,0.0,0.0,0.0,0.0,0.0,,
2024-10-10,18.0,1.5,9.8,8.2,0.0,0.0,0.0,0.0,0.0,,
2024-10-11,20.5,7.0,13.8,4.2,0.0,0.0,0.0,0.0,0.0,,
2024-10-12,25.5,11.0,18.3,0.0,0.3,2.0,0.0,2.0,0.0,,
2024-10-13,14.5,9.0,11.8,6.2,0.0,0.0,0.0,0.0,0.0,,
2024-10-14,,,,,,,,,,,
2024-10-15,,,,,,,,,,,
2024-10-16,20.5,16.0,18.3,0.0,0.3,5.0,0.0,5.0,0.0,,
2024-10-17,26.5,16.5,21.5,0.0,3.5,0.0,0.0,0.0,0.0,,
2024-10-18,25.0,18.5,21.8,0.0,3.8,0.8,0.0,0.8,0.0,,
2024-10-19,22.0,8.0,15.0,3.0,0.0,0.0,0.0,0.0,0.0,,
2024-10-20,,,,,,,,,,,
2024-10-21,12.5,7.5,10.0,8.0,0.0,0.8,0.0,0.8,0.0,,
2024-10-22,11.5,4.0,7.8,10.2,0.0,0.0,0.0,0.0,0.0,,
2024-10-23,18.0,6.0,12.0,6.0,0.0,0.0,0.0,0.0,0.0,,
2024-10-24,,,,,,,,,,,
2024-10-25,12.0,1.0,6.5,11.5,0.0,0.0,0.0,0.0,0.0,,
2024-10-26,9.0,1.0,5.0,13.0,0.0,20.2,0.0,20.2,0.0,,
2024-10-27,9.0,5.0,7.0,11.0,0.0,1.0,0.0,1.0,0.0,,
2024-10-28,15.0,0.0,7.5,10.5,0.0,0.0,0.0,0.0,0.0,,
2024-10-29,22.0,10.0,16.0,2.0,0.0,15.0,0.0,15.0,0.0,,
2024-10-30,11.0,9.0,10.0,8.0,0.0,0.5,0.0,0.5,0.0,,
2024-10-31,,,,,,,,,,,
2024-11-01,24.0,4.0,14.0,4.0,0.0,0.8,0.0,0.8,0.0,,
2024-11-02,22.0,12.0,17.0,1.0,0.0,16.4,0.0,16.4,0.0,,
2024-11-03,,,,,,,,,,,
2024-11-04,14.0,6.5,10.3,7.7,0.0,0.0,0.0,0.0,0.0,,
2024-11-05,19.0,4.0,11.5,6.5,0.0,0.0,0.0,0.0,0.0,,
2024-11-06,19.5,5.0,12.3,5.7,0.0,0.0,0.0,0.0,0.0,,
2024-11-07,,,,,,,,,,,
2024-11-08,,,,,,,,,,,
2024-11-09,11.0,6.5,8.8,9.2,0.0,0.0,0.0,0.0,0.0,,
2024-11-10,,,,,,,,,,,
2024-11-11,,,,,,,,,,,
2024-11-12,10.0,-3.0,3.5,14.5,0.0,0.0,0.0,0.0,0.0,,
2024-11-13,,,,,,,,,,,
2024-11-14,,,,,,,,,,,
2024-11-15,,,,,,,,,,,
2024-11-16,,,,,,,,,,,
2024-11-17,15.5,2.0,8.8,9.2,0.0,0.0,0.0,0.0,0.0,,
2024-11-18,21.0,9.0,15.0,3.0,0.0,1.6,0.0,1.6,0.0,,
2024-11-19,5.0,0.5,2.8,15.2,0.0,1.6,0.0,1.6,0.0,,
2024-11-20,2.0,-1.0,0.5,17.5,0.0,0.0,0.0,0.0,0.0,,
2024-11-21,,,,,,,,,,,
2024-11-22,3.0,-6.5,-1.8,19.8,0.0,0.0,0.0,0.0,0.0,,
2024-11-23,5.0,-4.5,0.3,17.7,0.0,10.6,0.0,10.6,0.0,,
2024-11-24,8.0,3.0,5.5,12.5,0.0,1.0,0.0,1.0,0.0,,
2024-11-25,,,,,,,,,,,
2024-11-26,,,,,,,,,,,
2024-11-27,,,,,,,,,,,
2024-11-28,10.5,2.5,6.5,11.5,0.0,12.0,0.0,12.0,0.0,,
2024-11-29,13.0,7.0,10.0,8.0,0.0,0.0,0.0,0.0,0.0,,
2024-11-30,16.0,4.0,10.0,8.0,0.0,1.8,0.0,1.8,0.0,,
2024-12-01,5.0,1.5,3.3,14.7,0.0,0.6,0.0,0.6,0.0,,
2024-12-02,,,,,,,,,,,
2024-12-03,4.0,0.5,2.3,15.7,0.0,0.0,0.0,0.0,0.0,,
2024-12-04,,,,,,,,,,,
2024-12-05,,,,,,,,,,,
2024-12-06,5.0,,,,,5.8,0.0,5.8,0.0,,
2024-12-07,,,,,,,,,,,
2024-12-08,-2.0,-4.0,-3.0,21.0,0.0,0.0,1.0,1.0,0.0,,
2024-12-09,,,,,,,,,,,
2024-12-10,0.0,-6.0,-3.0,21.0,0.0,0.0,5.0,5.0,0.0,,
2024-12-11,1.0,-5.0,-2.0,20.0,0.0,0.0,15.0,15.0,5.0,,
2024-12-12,2.0,-2.0,0.0,18.0,0.0,0.0,0.0,0.0,20.0,,
2024-12-13,-2.0,-9.0,-5.5,23.5,0.0,0.0,0.0,0.0,17.0,,
2024-12-14,,,,,,,,,,,
2024-12-15,,,,,,,,,,,
2024-12-16,-3.5,-15.5,-9.5,27.5,0.0,0.0,5.0,5.0,15.0,,
2024-12-17,-1.0,-8.0,-4.5,22.5,0.0,1.0,0.0,1.0,20.0,,
2024-12-18,,,,,,,,,,,
2024-12-19,,,,,,,,,,,
2024-12-20,-0.5,-13.0,-6.8,24.8,0.0,0.0,0.0,0.0,17.0,,
2024-12-21,,,,,,,,,,,
2024-12-22,4.5,-1.5,1.5,16.5,0.0,0.0,0.0,0.0,16.0,,
2024-12-23,3.0,-3.5,-0.3,18.3,0.0,4.0,0.0,4.0,13.0,,
2024-12-24,4.0,0.0,2.0,16.0,0.0,0.0,0.0,0.0,11.0,,
2024-12-25,,,,,,,,,,,
2024-12-26,13.0,0.5,6.8,11.2,0.0,14.4,0.0,14.4,3.0,,
2024-12-27,0.5,-2.0,-0.8,18.8,0.0,0.0,0.0,0.0,0.0,,
2024-12-28,,,,,,,,,,,
2024-12-29,6.0,-1.5,2.3,15.7,0.0,0.0,0.0,0.0,0.0,,
2024-12-30,2.5,-2.5,0.0,18.0,0.0,0.0,0.0,0.0,0.0,,
2024-12-31,7.5,-3.0,2.3,15.7,0.0,0.0,0.0,0.0,0.0,,
